title,price,rating,reviews
"uppercase Matrix Professional Anti-theft Laptop Backpack (15.6 Inch) 3x more water resistant sustainable bags with rain proof zippers for Men, Women, Boys and Girls, 750 Days warranty, Black, M, Casual",Page 1 of 1,4.7 out of 5 stars,
"uppercase Medium 23L Tall Boy Laptop Backpack 2500EBP1 3x more water repellent sustainable bags with rain proof zippers for Men, Women, Boys and Girls, 750 Days warranty, Blue, M, Casual",$67.62,4.1 out of 5 stars,182 ratings
Wesley Milestone 2.0 15.6 inch 30 L Casual Waterproof Laptop Backpack/Office Bag/School Bag/College Bag/Business Bag/Unisex Travel Backpack (Blue and Black),$76.00,4.3 out of 5 stars,"5,629 ratings"
ADISA 15.6 inch Laptop Backpack Office Bag College Travel Back Pack 32 Ltrs (z-Navy Blue),$42.40,3.9 out of 5 stars,557 ratings
Lavie Sport Lino Large Size 63 cms Wheel Duffel Bag for Travel | Luggage Bag | Travel Bag (Black),$98.00,3.9 out of 5 stars,"2,736 ratings"
Gear Adult Casual Backpack One Size Black And Blue,Page 1 of 1,3.7 out of 5 stars,"5,970 ratings"
SAFARI 15 Ltrs Sea Blue Casual Backpack (DAYPACKNEO15CBSEB),Page 1 of 1,4.0 out of 5 stars,"17,664 ratings"
"Half Moon Large 37L Laptop Bag Backpack for menं Women Boys and Girls Luggage Travel Bags with 17.3 inches Laptop Compartment & Rain Cover, Black & Orange, L, Casual",$82.00,3.9 out of 5 stars,"1,700 ratings"
"LOOKMUSTER Casual Waterproof Laptop Backpack/Office Bag/School Bag/College Bag/Business Bag/Travel Backpack, Black, M, Modern",Page 1 of 1,Previous page of related Sponsored Products,
"EUME Propine Massager Backpack For 15.6 Inch Laptop (Black, 22L)",Page 1 of 1,4.1 out of 5 stars,5 ratings
"Half Moon 35 L Waterproof Laptop College School Office Bag Backpack for Men Women Boys Girls with 15.6 inch Padded Laptop Compartment & Rain Cover (Navy_Blue), Navy Blue, M, backpack",Page 1 of 1,3.9 out of 5 stars,"14,769 ratings"
American Tourister 29 Ltrs Blue Casual Backpack (AMT Mist SCH BAG01 Blue),Page 1 of 1,4.7 out of 5 stars,"4,503 ratings"
"Kuber Industries Handcrafted Embroidered Clutch Bag Purse Handbag for Bridal, Casual, Party, (Cream) - CTKTC34515",Page 1 of 1,3.8 out of 5 stars,471 ratings
"Fur Jaden Anti Theft Number Lock Backpack Bag with 15.6 Inch Laptop Compartment, USB Charging Port & Organizer Pocket for Men Women Boys Girls, Grey, L, Anti Theft Backpack with Number Lock",Page 1 of 1,3.9 out of 5 stars,"3,078 ratings"
Wesley Milestone 15.6 inch 25 L Casual Waterproof Laptop Backpack/Office Bag/School Bag/College Bag/Business Bag/Unisex Travel Backpack,Page 1 of 1,4.3 out of 5 stars,"1,193 ratings"
"Half Moon Large 37L Laptop Bag Backpack for menं Women Boys and Girls Luggage Travel Bags with 17.3 inches Laptop Compartment & Rain Cover, Black, L, Casual",$82.00,3.9 out of 5 stars,"1,700 ratings"
"uppercase Apex Professional Laptop Backpack (15.6 Inch) 3x more water resistant sustainable bags with rain proof zippers for Men, Women, Boys and Girls, 750 Days warranty (Black), Black, M, Casual",Page 1 of 1,Previous page of related Sponsored Products,
